{"cameraMode":{"drawMode":0,"name":"Shaded","section":"Shading Mode"},"sceneLighting":true,"audioPlay":false,"sceneViewState":{"m_AlwaysRefresh":true,"showFog":true,"showSkybox":true,"showFlares":true,"showImageEffects":true,"showParticleSystems":true,"showVisualEffectGraphs":true,"m_FxEnabled":true},"in2DMode":false,"pivot":{"x":721.6713256835938,"y":124.48420715332031,"z":334.4308776855469},"rotation":{"x":0.1164289265871048,"y":-0.47096776962280276,"z":0.06211068481206894,"w":0.8725283145904541},"size":17.298898696899415,"orthographic":false}